{"stats":{"minecraft:killed":{"minecraft:sheep":2},"minecraft:broken":{"minecraft:wooden_axe":1},"minecraft:used":{"minecraft:cooked_mutton":1,"minecraft:wooden_axe":74,"minecraft:stone_pickaxe":34,"minecraft:wooden_pickaxe":3,"minecraft:dirt":1,"minecraft:crafting_table":5,"minecraft:furnace":1,"minecraft:bucket":1},"minecraft:crafted":{"minecraft:oak_planks":20,"minecraft:crafting_table":1,"minecraft:stick":8,"minecraft:iron_ingot":5,"minecraft:wooden_pickaxe":1,"minecraft:stone_pickaxe":1,"minecraft:wooden_axe":2,"minecraft:furnace":1,"minecraft:bucket":1,"minecraft:torch":4,"minecraft:cooked_mutton":3,"minecraft:air":0},"minecraft:dropped":{"minecraft:wheat_seeds":1,"minecraft:oak_sapling":21},"minecraft:picked_up":{"minecraft:raw_iron":16,"minecraft:stick":13,"minecraft:crafting_table":4,"minecraft:oak_log":53,"minecraft:diorite":1,"minecraft:dirt":1,"minecraft:wheat_seeds":1,"minecraft:oak_sapling":29,"minecraft:mutton":3,"minecraft:coal":19,"minecraft:white_wool":2,"minecraft:cobblestone":27},"minecraft:mined":{"minecraft:iron_ore":7,"minecraft:crafting_table":4,"minecraft:grass":4,"minecraft:oak_log":53,"minecraft:grass_block":1,"minecraft:coal_ore":2,"minecraft:stone":27,"minecraft:diorite":1,"minecraft:oak_leaves":8},"minecraft:custom":{"minecraft:time_since_rest":17488,"minecraft:interact_with_furnace":5,"minecraft:sprint_one_cm":33355,"minecraft:damage_taken":110,"minecraft:walk_one_cm":27398,"minecraft:mob_kills":2,"minecraft:drop":22,"minecraft:damage_dealt":160,"minecraft:interact_with_crafting_table":8,"minecraft:fly_one_cm":25551,"minecraft:crouch_one_cm":4211,"minecraft:play_time":17488,"minecraft:sneak_time":974,"minecraft:walk_under_water_one_cm":1212,"minecraft:jump":163,"minecraft:walk_on_water_one_cm":5769,"minecraft:time_since_death":17488,"minecraft:total_world_time":17488,"minecraft:fall_one_cm":6287}},"DataVersion":3465}