{"stats":{"minecraft:killed_by":{"boh:jason_voorhees":4},"minecraft:killed":{"minecraft:sheep":2},"minecraft:broken":{"minecraft:wooden_axe":1},"minecraft:used":{"minecraft:cooked_mutton":1,"minecraft:wooden_axe":75,"minecraft:water_bucket":1,"minecraft:diorite":1,"minecraft:stone_pickaxe":74,"minecraft:iron_sword":8,"minecraft:shield":3,"minecraft:wooden_pickaxe":3,"minecraft:gravel":18,"minecraft:torch":8,"minecraft:dirt":2,"minecraft:cobblestone":21,"minecraft:crafting_table":6,"minecraft:furnace":3,"minecraft:bucket":2,"tombstone:gift":1},"minecraft:crafted":{"minecraft:oak_planks":28,"minecraft:iron_chestplate":1,"minecraft:shield":1,"minecraft:iron_axe":1,"minecraft:crafting_table":1,"minecraft:iron_pickaxe":1,"minecraft:stick":8,"minecraft:iron_helmet":1,"minecraft:iron_ingot":27,"minecraft:wooden_pickaxe":1,"minecraft:stone_pickaxe":1,"minecraft:wooden_axe":2,"minecraft:iron_sword":1,"minecraft:furnace":2,"minecraft:bucket":1,"minecraft:torch":4,"minecraft:cooked_mutton":3,"minecraft:air":0},"minecraft:dropped":{"minecraft:dirt":1,"boh:kindness_flower":1,"minecraft:wheat_seeds":1,"minecraft:oak_sapling":21},"minecraft:picked_up":{"minecraft:raw_iron":34,"minecraft:stick":13,"minecraft:crafting_table":5,"minecraft:torch":8,"minecraft:gravel":18,"minecraft:flint":1,"minecraft:oak_log":53,"minecraft:diorite":1,"minecraft:dirt":4,"boh:kindness_flower":1,"minecraft:wheat_seeds":1,"minecraft:oak_sapling":29,"minecraft:mutton":3,"minecraft:coal":42,"minecraft:white_wool":2,"minecraft:cobblestone":41,"minecraft:furnace":1},"minecraft:mined":{"minecraft:furnace":1,"minecraft:iron_ore":11,"boh:kindness_flower":1,"minecraft:torch":5,"minecraft:crafting_table":5,"minecraft:grass":5,"minecraft:oak_log":53,"minecraft:grass_block":3,"minecraft:coal_ore":5,"minecraft:gravel":9,"minecraft:cobblestone":2,"minecraft:stone":39,"minecraft:wall_torch":3,"minecraft:diorite":1,"minecraft:oak_leaves":11},"minecraft:custom":{"minecraft:time_since_rest":1,"minecraft:interact_with_furnace":22,"minecraft:sprint_one_cm":100988,"minecraft:damage_taken":1330,"minecraft:walk_one_cm":51244,"minecraft:damage_blocked_by_shield":540,"minecraft:mob_kills":2,"minecraft:drop":24,"minecraft:damage_dealt":455,"minecraft:swim_one_cm":11121,"minecraft:interact_with_crafting_table":15,"minecraft:fly_one_cm":91549,"minecraft:crouch_one_cm":7756,"minecraft:play_time":42960,"minecraft:deaths":4,"minecraft:sneak_time":1917,"minecraft:walk_under_water_one_cm":6277,"minecraft:jump":517,"minecraft:leave_game":1,"minecraft:walk_on_water_one_cm":23667,"minecraft:time_since_death":2031,"minecraft:total_world_time":42960,"minecraft:fall_one_cm":9039}},"DataVersion":3465}