{"stats":{"minecraft:killed":{"boh:jason_mask":1,"minecraft:skeleton":1,"minecraft:sheep":3,"boh:jason_voorhees":1,"endofherobrine:cow":1,"minecraft:cow":2},"minecraft:killed_by":{"minecraft:skeleton":1,"boh:jason_voorhees":4},"minecraft:broken":{"minecraft:wooden_axe":1},"minecraft:used":{"minecraft:cooked_mutton":3,"minecraft:water_bucket":2,"minecraft:diorite":1,"minecraft:stone_pickaxe":74,"minecraft:wooden_pickaxe":3,"minecraft:shield":13,"minecraft:iron_sword":70,"minecraft:torch":8,"minecraft:dirt":2,"minecraft:crafting_table":6,"minecraft:wooden_axe":75,"minecraft:iron_axe":1,"minecraft:iron_pickaxe":8,"minecraft:gravel":18,"minecraft:cobblestone":21,"minecraft:furnace":3,"minecraft:bucket":3,"tombstone:gift":3,"minecraft:iron_leggings":1},"minecraft:crafted":{"minecraft:oak_planks":28,"minecraft:crafting_table":1,"minecraft:wooden_pickaxe":1,"minecraft:iron_helmet":1,"minecraft:iron_sword":1,"minecraft:furnace":2,"minecraft:bucket":1,"minecraft:cooked_mutton":3,"minecraft:air":0,"minecraft:iron_chestplate":1,"minecraft:shield":1,"minecraft:iron_axe":1,"minecraft:stick":8,"minecraft:iron_pickaxe":1,"minecraft:iron_ingot":34,"minecraft:stone_pickaxe":1,"minecraft:wooden_axe":2,"minecraft:iron_leggings":1,"minecraft:torch":4},"minecraft:dropped":{"boh:kindness_flower":1,"minecraft:waxed_cut_copper_stairs":1,"minecraft:wheat_seeds":1,"minecraft:dirt":2,"minecraft:wooden_axe":2,"minecraft:oak_sapling":32,"minecraft:stone_pickaxe":1,"minecraft:wooden_pickaxe":1,"minecraft:bone":1},"minecraft:picked_up":{"minecraft:wooden_axe":1,"minecraft:crafting_table":6,"minecraft:leather":1,"minecraft:flint":1,"minecraft:oak_log":53,"minecraft:dirt":4,"minecraft:bone":1,"boh:kindness_flower":1,"minecraft:wheat_seeds":1,"minecraft:beef":4,"minecraft:furnace":3,"minecraft:stick":13,"minecraft:raw_iron":34,"minecraft:torch":8,"minecraft:gravel":18,"minecraft:diorite":1,"boh:killers_soul":2,"minecraft:waxed_cut_copper_stairs":1,"minecraft:arrow":2,"minecraft:oak_sapling":32,"minecraft:mutton":5,"minecraft:coal":42,"minecraft:white_wool":3,"minecraft:cobblestone":42},"minecraft:custom":{"minecraft:interact_with_furnace":28,"spartanshields:shield_bash_hits":2,"minecraft:mob_kills":9,"minecraft:interact_with_crafting_table":18,"minecraft:open_barrel":3,"minecraft:eat_cake_slice":2,"minecraft:leave_game":2,"minecraft:time_since_death":3886,"minecraft:climb_one_cm":3751,"minecraft:time_since_rest":2929,"minecraft:sprint_one_cm":177062,"minecraft:damage_taken":2022,"minecraft:walk_one_cm":72072,"minecraft:damage_blocked_by_shield":1160,"minecraft:drop":32,"minecraft:damage_dealt":2555,"minecraft:swim_one_cm":14559,"minecraft:fly_one_cm":174895,"minecraft:open_chest":1,"minecraft:crouch_one_cm":8276,"minecraft:play_time":60692,"tombstone:undead_killed":1,"minecraft:deaths":6,"minecraft:sneak_time":2040,"minecraft:walk_under_water_one_cm":6495,"minecraft:jump":851,"minecraft:walk_on_water_one_cm":27684,"minecraft:total_world_time":60692,"minecraft:fall_one_cm":11253},"minecraft:mined":{"minecraft:waxed_cut_copper_stairs":1,"boh:kindness_flower":1,"minecraft:crafting_table":6,"minecraft:torch":5,"minecraft:grass_block":3,"minecraft:cobblestone":2,"minecraft:diorite":1,"minecraft:wall_torch":3,"minecraft:spawner":1,"minecraft:furnace":3,"minecraft:iron_ore":11,"minecraft:fire":9,"minecraft:birch_leaves":1,"minecraft:peony":1,"minecraft:bee_nest":1,"minecraft:grass":6,"minecraft:coal_ore":5,"minecraft:oak_log":53,"minecraft:gravel":9,"minecraft:stone":40,"minecraft:oak_leaves":21}},"DataVersion":3465}