{"stats":{"minecraft:used":{"minecraft:wooden_axe":4,"minecraft:crafting_table":1},"minecraft:crafted":{"minecraft:crafting_table":1,"minecraft:oak_planks":20,"minecraft:stick":8,"minecraft:wooden_axe":1},"minecraft:picked_up":{"minecraft:oak_log":6,"minecraft:oak_sapling":1},"minecraft:mined":{"minecraft:grass":1,"minecraft:oak_log":6,"minecraft:oak_leaves":2},"minecraft:custom":{"minecraft:jump":23,"minecraft:time_since_rest":5488,"minecraft:crouch_one_cm":422,"minecraft:sprint_one_cm":5841,"minecraft:play_time":5488,"minecraft:walk_on_water_one_cm":96,"minecraft:time_since_death":5488,"minecraft:walk_one_cm":5341,"minecraft:sneak_time":84,"minecraft:total_world_time":5488,"minecraft:interact_with_crafting_table":1,"minecraft:fall_one_cm":209,"minecraft:fly_one_cm":4808}},"DataVersion":3465}