{"stats":{"minecraft:killed_by":{"boh:jason_voorhees":4},"minecraft:killed":{"boh:jason_mask":1,"minecraft:sheep":2,"boh:jason_voorhees":1,"endofherobrine:cow":1,"minecraft:cow":2},"minecraft:broken":{"minecraft:wooden_axe":1},"minecraft:used":{"minecraft:cooked_mutton":1,"minecraft:water_bucket":2,"minecraft:diorite":1,"minecraft:stone_pickaxe":74,"minecraft:wooden_pickaxe":3,"minecraft:shield":4,"minecraft:iron_sword":55,"minecraft:torch":8,"minecraft:dirt":2,"minecraft:crafting_table":6,"minecraft:wooden_axe":75,"minecraft:iron_axe":1,"minecraft:iron_pickaxe":2,"minecraft:gravel":18,"minecraft:cobblestone":21,"minecraft:furnace":3,"minecraft:bucket":3,"tombstone:gift":3,"minecraft:iron_leggings":1},"minecraft:crafted":{"minecraft:oak_planks":28,"minecraft:crafting_table":1,"minecraft:wooden_pickaxe":1,"minecraft:iron_helmet":1,"minecraft:iron_sword":1,"minecraft:furnace":2,"minecraft:bucket":1,"minecraft:cooked_mutton":3,"minecraft:air":0,"minecraft:iron_chestplate":1,"minecraft:shield":1,"minecraft:iron_axe":1,"minecraft:stick":8,"minecraft:iron_pickaxe":1,"minecraft:iron_ingot":34,"minecraft:stone_pickaxe":1,"minecraft:wooden_axe":2,"minecraft:iron_leggings":1,"minecraft:torch":4},"minecraft:dropped":{"boh:kindness_flower":1,"minecraft:wheat_seeds":1,"minecraft:dirt":1,"minecraft:oak_sapling":21},"minecraft:picked_up":{"minecraft:wooden_axe":1,"minecraft:crafting_table":6,"minecraft:leather":1,"minecraft:flint":1,"minecraft:oak_log":53,"minecraft:dirt":4,"boh:kindness_flower":1,"minecraft:wheat_seeds":1,"minecraft:beef":4,"minecraft:furnace":3,"minecraft:stick":13,"minecraft:raw_iron":34,"minecraft:torch":8,"minecraft:gravel":18,"minecraft:diorite":1,"boh:killers_soul":2,"minecraft:oak_sapling":31,"minecraft:mutton":3,"minecraft:coal":42,"minecraft:white_wool":2,"minecraft:cobblestone":41},"minecraft:mined":{"boh:kindness_flower":1,"minecraft:crafting_table":6,"minecraft:torch":5,"minecraft:grass_block":3,"minecraft:cobblestone":2,"minecraft:diorite":1,"minecraft:wall_torch":3,"minecraft:furnace":3,"minecraft:iron_ore":11,"minecraft:fire":9,"minecraft:peony":1,"minecraft:bee_nest":1,"minecraft:grass":6,"minecraft:coal_ore":5,"minecraft:oak_log":53,"minecraft:gravel":9,"minecraft:stone":39,"minecraft:oak_leaves":16},"minecraft:custom":{"minecraft:interact_with_furnace":28,"minecraft:mob_kills":7,"minecraft:interact_with_crafting_table":18,"minecraft:leave_game":1,"minecraft:time_since_death":2895,"minecraft:time_since_rest":1394,"minecraft:sprint_one_cm":136175,"minecraft:damage_taken":1584,"minecraft:walk_one_cm":61454,"minecraft:damage_blocked_by_shield":640,"minecraft:drop":24,"minecraft:damage_dealt":1890,"minecraft:swim_one_cm":12095,"minecraft:fly_one_cm":134255,"minecraft:crouch_one_cm":8232,"minecraft:play_time":52633,"minecraft:deaths":5,"minecraft:sneak_time":2032,"minecraft:walk_under_water_one_cm":6339,"minecraft:jump":677,"minecraft:walk_on_water_one_cm":24802,"minecraft:total_world_time":52633,"minecraft:fall_one_cm":9457}},"DataVersion":3465}