{"stats":{"minecraft:killed":{"minecraft:sheep":2},"minecraft:broken":{"minecraft:wooden_axe":1},"minecraft:used":{"minecraft:cooked_mutton":1,"minecraft:wooden_axe":75,"minecraft:water_bucket":1,"minecraft:diorite":1,"minecraft:stone_pickaxe":69,"minecraft:wooden_pickaxe":3,"minecraft:gravel":8,"minecraft:torch":8,"minecraft:dirt":1,"minecraft:cobblestone":21,"minecraft:crafting_table":5,"minecraft:furnace":1,"minecraft:bucket":2},"minecraft:crafted":{"minecraft:oak_planks":28,"minecraft:iron_chestplate":1,"minecraft:shield":1,"minecraft:crafting_table":1,"minecraft:stick":8,"minecraft:iron_helmet":1,"minecraft:iron_ingot":17,"minecraft:wooden_pickaxe":1,"minecraft:stone_pickaxe":1,"minecraft:wooden_axe":2,"minecraft:furnace":1,"minecraft:bucket":1,"minecraft:torch":4,"minecraft:cooked_mutton":3,"minecraft:air":0},"minecraft:dropped":{"minecraft:wheat_seeds":1,"minecraft:oak_sapling":21},"minecraft:picked_up":{"minecraft:raw_iron":34,"minecraft:stick":13,"minecraft:crafting_table":5,"minecraft:torch":8,"minecraft:gravel":18,"minecraft:flint":1,"minecraft:oak_log":53,"minecraft:diorite":1,"minecraft:dirt":1,"minecraft:wheat_seeds":1,"minecraft:oak_sapling":29,"minecraft:mutton":3,"minecraft:coal":19,"minecraft:white_wool":2,"minecraft:cobblestone":40,"minecraft:furnace":1},"minecraft:mined":{"minecraft:furnace":1,"minecraft:iron_ore":11,"minecraft:torch":5,"minecraft:crafting_table":5,"minecraft:grass":4,"minecraft:oak_log":53,"minecraft:grass_block":1,"minecraft:coal_ore":2,"minecraft:gravel":9,"minecraft:cobblestone":2,"minecraft:stone":38,"minecraft:wall_torch":3,"minecraft:diorite":1,"minecraft:oak_leaves":8},"minecraft:custom":{"minecraft:time_since_rest":29488,"minecraft:interact_with_furnace":10,"minecraft:sprint_one_cm":45655,"minecraft:damage_taken":120,"minecraft:walk_one_cm":32625,"minecraft:mob_kills":2,"minecraft:drop":22,"minecraft:damage_dealt":160,"minecraft:swim_one_cm":11121,"minecraft:interact_with_crafting_table":11,"minecraft:fly_one_cm":35267,"minecraft:crouch_one_cm":7734,"minecraft:play_time":29488,"minecraft:sneak_time":1880,"minecraft:walk_under_water_one_cm":5105,"minecraft:jump":261,"minecraft:walk_on_water_one_cm":13486,"minecraft:time_since_death":29488,"minecraft:total_world_time":29488,"minecraft:fall_one_cm":7659}},"DataVersion":3465}