{"stats":{"minecraft:dropped":{"minecraft:arrow":1,"minecraft:bone":1},"minecraft:killed_by":{"minecraft:zombie":1},"minecraft:picked_up":{"minecraft:arrow":1,"minecraft:bone":1},"minecraft:used":{"alexsmobs:animal_dictionary":1},"minecraft:custom":{"minecraft:jump":56,"minecraft:time_since_rest":6791,"minecraft:crouch_one_cm":47,"minecraft:sprint_one_cm":5979,"minecraft:deaths":1,"minecraft:play_time":11243,"minecraft:damage_taken":240,"minecraft:time_since_death":7476,"minecraft:walk_one_cm":3822,"minecraft:sneak_time":111,"minecraft:total_world_time":11243,"minecraft:drop":2,"minecraft:fall_one_cm":2357,"minecraft:fly_one_cm":12885}},"DataVersion":3465}